Time Series Search Export,Search term,Search filters,,Last update of Effective exchange rates data,Downloaded at,Source,Source URL,Download URL,About Effective exchange rates
,,,,2024-11-28,2024-12-04 03:46 CET,BIS,"https://data.bis.org/topics/EER/BIS,WS_EER,1.0/M.N.B.JP?","https://data.bis.org/topics/EER/BIS,WS_EER,1.0/M.N.B.JP?&file_format=csv&format=long&split_frequencies=false&transposed=false&include=code%2Clabel",https://data.bis.org/topics/EER

DATAFLOW_ID:Dataflow ID,KEY:Timeseries Key,FREQ:Frequency,EER_TYPE:Type,EER_BASKET:Basket,REF_AREA:Reference area,Unit,Unit multiplier,TIME_PERIOD:Period,OBS_CONF:Confidentiality,OBS_PRE_BREAK:Pre-break value,OBS_STATUS:Status,OBS_VALUE:Value
"BIS,WS_EER,1.0",M.N.B.JP,M:Monthly,N:Nominal,B:Broad (64 economies),JP:Japan,"Index, 2020 = 100",,1994-01-31,F:Free,,A:Normal value,82.05
"BIS,WS_EER,1.0",M.N.B.JP,M:Monthly,N:Nominal,B:Broad (64 economies),JP:Japan,"Index, 2020 = 100",,1994-02-28,F:Free,,A:Normal value,86.29
"BIS,WS_EER,1.0",M.N.B.JP,M:Monthly,N:Nominal,B:Broad (64 economies),JP:Japan,"Index, 2020 = 100",,1994-03-31,F:Free,,A:Normal value,87.27
"BIS,WS_EER,1.0",M.N.B.JP,M:Monthly,N:Nominal,B:Broad (64 economies),JP:Japan,"Index, 2020 = 100",,1994-04-30,F:Free,,A:Normal value,89.21
"BIS,WS_EER,1.0",M.N.B.JP,M:Monthly,N:Nominal,B:Broad (64 economies),JP:Japan,"Index, 2020 = 100",,1994-05-31,F:Free,,A:Normal value,88.65
"BIS,WS_EER,1.0",M.N.B.JP,M:Monthly,N:Nominal,B:Broad (64 economies),JP:Japan,"Index, 2020 = 100",,1994-06-30,F:Free,,A:Normal value,89.49
"BIS,WS_EER,1.0",M.N.B.JP,M:Monthly,N:Nominal,B:Broad (64 economies),JP:Japan,"Index, 2020 = 100",,1994-07-31,F:Free,,A:Normal value,92.47
"BIS,WS_EER,1.0",M.N.B.JP,M:Monthly,N:Nominal,B:Broad (64 economies),JP:Japan,"Index, 2020 = 100",,1994-08-31,F:Free,,A:Normal value,91.07
"BIS,WS_EER,1.0",M.N.B.JP,M:Monthly,N:Nominal,B:Broad (64 economies),JP:Japan,"Index, 2020 = 100",,1994-09-30,F:Free,,A:Normal value,91.63
"BIS,WS_EER,1.0",M.N.B.JP,M:Monthly,N:Nominal,B:Broad (64 economies),JP:Japan,"Index, 2020 = 100",,1994-10-31,F:Free,,A:Normal value,91.56
"BIS,WS_EER,1.0",M.N.B.JP,M:Monthly,N:Nominal,B:Broad (64 economies),JP:Japan,"Index, 2020 = 100",,1994-11-30,F:Free,,A:Normal value,92.25
"BIS,WS_EER,1.0",M.N.B.JP,M:Monthly,N:Nominal,B:Broad (64 economies),JP:Japan,"Index, 2020 = 100",,1994-12-31,F:Free,,A:Normal value,90.94
"BIS,WS_EER,1.0",M.N.B.JP,M:Monthly,N:Nominal,B:Broad (64 economies),JP:Japan,"Index, 2020 = 100",,1995-01-31,F:Free,,A:Normal value,91.33
"BIS,WS_EER,1.0",M.N.B.JP,M:Monthly,N:Nominal,B:Broad (64 economies),JP:Japan,"Index, 2020 = 100",,1995-02-28,F:Free,,A:Normal value,92.58
"BIS,WS_EER,1.0",M.N.B.JP,M:Monthly,N:Nominal,B:Broad (64 economies),JP:Japan,"Index, 2020 = 100",,1995-03-31,F:Free,,A:Normal value,99.49
"BIS,WS_EER,1.0",M.N.B.JP,M:Monthly,N:Nominal,B:Broad (64 economies),JP:Japan,"Index, 2020 = 100",,1995-04-30,F:Free,,A:Normal value,106.54
"BIS,WS_EER,1.0",M.N.B.JP,M:Monthly,N:Nominal,B:Broad (64 economies),JP:Japan,"Index, 2020 = 100",,1995-05-31,F:Free,,A:Normal value,105.31
"BIS,WS_EER,1.0",M.N.B.JP,M:Monthly,N:Nominal,B:Broad (64 economies),JP:Japan,"Index, 2020 = 100",,1995-06-30,F:Free,,A:Normal value,105.67
"BIS,WS_EER,1.0",M.N.B.JP,M:Monthly,N:Nominal,B:Broad (64 economies),JP:Japan,"Index, 2020 = 100",,1995-07-31,F:Free,,A:Normal value,102.27
"BIS,WS_EER,1.0",M.N.B.JP,M:Monthly,N:Nominal,B:Broad (64 economies),JP:Japan,"Index, 2020 = 100",,1995-08-31,F:Free,,A:Normal value,95.33
"BIS,WS_EER,1.0",M.N.B.JP,M:Monthly,N:Nominal,B:Broad (64 economies),JP:Japan,"Index, 2020 = 100",,1995-09-30,F:Free,,A:Normal value,90.27
"BIS,WS_EER,1.0",M.N.B.JP,M:Monthly,N:Nominal,B:Broad (64 economies),JP:Japan,"Index, 2020 = 100",,1995-10-31,F:Free,,A:Normal value,89.42
"BIS,WS_EER,1.0",M.N.B.JP,M:Monthly,N:Nominal,B:Broad (64 economies),JP:Japan,"Index, 2020 = 100",,1995-11-30,F:Free,,A:Normal value,88.71
"BIS,WS_EER,1.0",M.N.B.JP,M:Monthly,N:Nominal,B:Broad (64 economies),JP:Japan,"Index, 2020 = 100",,1995-12-31,F:Free,,A:Normal value,89.21
"BIS,WS_EER,1.0",M.N.B.JP,M:Monthly,N:Nominal,B:Broad (64 economies),JP:Japan,"Index, 2020 = 100",,1996-01-31,F:Free,,A:Normal value,86.35
"BIS,WS_EER,1.0",M.N.B.JP,M:Monthly,N:Nominal,B:Broad (64 economies),JP:Japan,"Index, 2020 = 100",,1996-02-29,F:Free,,A:Normal value,86.41
"BIS,WS_EER,1.0",M.N.B.JP,M:Monthly,N:Nominal,B:Broad (64 economies),JP:Japan,"Index, 2020 = 100",,1996-03-31,F:Free,,A:Normal value,86.28
"BIS,WS_EER,1.0",M.N.B.JP,M:Monthly,N:Nominal,B:Broad (64 economies),JP:Japan,"Index, 2020 = 100",,1996-04-30,F:Free,,A:Normal value,85.41
"BIS,WS_EER,1.0",M.N.B.JP,M:Monthly,N:Nominal,B:Broad (64 economies),JP:Japan,"Index, 2020 = 100",,1996-05-31,F:Free,,A:Normal value,86.45
"BIS,WS_EER,1.0",M.N.B.JP,M:Monthly,N:Nominal,B:Broad (64 economies),JP:Japan,"Index, 2020 = 100",,1996-06-30,F:Free,,A:Normal value,84.53
"BIS,WS_EER,1.0",M.N.B.JP,M:Monthly,N:Nominal,B:Broad (64 economies),JP:Japan,"Index, 2020 = 100",,1996-07-31,F:Free,,A:Normal value,84.1
"BIS,WS_EER,1.0",M.N.B.JP,M:Monthly,N:Nominal,B:Broad (64 economies),JP:Japan,"Index, 2020 = 100",,1996-08-31,F:Free,,A:Normal value,85.04
"BIS,WS_EER,1.0",M.N.B.JP,M:Monthly,N:Nominal,B:Broad (64 economies),JP:Japan,"Index, 2020 = 100",,1996-09-30,F:Free,,A:Normal value,83.71
"BIS,WS_EER,1.0",M.N.B.JP,M:Monthly,N:Nominal,B:Broad (64 economies),JP:Japan,"Index, 2020 = 100",,1996-10-31,F:Free,,A:Normal value,82.04
"BIS,WS_EER,1.0",M.N.B.JP,M:Monthly,N:Nominal,B:Broad (64 economies),JP:Japan,"Index, 2020 = 100",,1996-11-30,F:Free,,A:Normal value,81.81
"BIS,WS_EER,1.0",M.N.B.JP,M:Monthly,N:Nominal,B:Broad (64 economies),JP:Japan,"Index, 2020 = 100",,1996-12-31,F:Free,,A:Normal value,81.19
"BIS,WS_EER,1.0",M.N.B.JP,M:Monthly,N:Nominal,B:Broad (64 economies),JP:Japan,"Index, 2020 = 100",,1997-01-31,F:Free,,A:Normal value,79.05
"BIS,WS_EER,1.0",M.N.B.JP,M:Monthly,N:Nominal,B:Broad (64 economies),JP:Japan,"Index, 2020 = 100",,1997-02-28,F:Free,,A:Normal value,76.7
"BIS,WS_EER,1.0",M.N.B.JP,M:Monthly,N:Nominal,B:Broad (64 economies),JP:Japan,"Index, 2020 = 100",,1997-03-31,F:Free,,A:Normal value,77.33
"BIS,WS_EER,1.0",M.N.B.JP,M:Monthly,N:Nominal,B:Broad (64 economies),JP:Japan,"Index, 2020 = 100",,1997-04-30,F:Free,,A:Normal value,75.7
"BIS,WS_EER,1.0",M.N.B.JP,M:Monthly,N:Nominal,B:Broad (64 economies),JP:Japan,"Index, 2020 = 100",,1997-05-31,F:Free,,A:Normal value,80.06
"BIS,WS_EER,1.0",M.N.B.JP,M:Monthly,N:Nominal,B:Broad (64 economies),JP:Japan,"Index, 2020 = 100",,1997-06-30,F:Free,,A:Normal value,83.22
"BIS,WS_EER,1.0",M.N.B.JP,M:Monthly,N:Nominal,B:Broad (64 economies),JP:Japan,"Index, 2020 = 100",,1997-07-31,F:Free,,A:Normal value,83.85
"BIS,WS_EER,1.0",M.N.B.JP,M:Monthly,N:Nominal,B:Broad (64 economies),JP:Japan,"Index, 2020 = 100",,1997-08-31,F:Free,,A:Normal value,83.37
"BIS,WS_EER,1.0",M.N.B.JP,M:Monthly,N:Nominal,B:Broad (64 economies),JP:Japan,"Index, 2020 = 100",,1997-09-30,F:Free,,A:Normal value,81.87
"BIS,WS_EER,1.0",M.N.B.JP,M:Monthly,N:Nominal,B:Broad (64 economies),JP:Japan,"Index, 2020 = 100",,1997-10-31,F:Free,,A:Normal value,82.44
"BIS,WS_EER,1.0",M.N.B.JP,M:Monthly,N:Nominal,B:Broad (64 economies),JP:Japan,"Index, 2020 = 100",,1997-11-30,F:Free,,A:Normal value,80.39
"BIS,WS_EER,1.0",M.N.B.JP,M:Monthly,N:Nominal,B:Broad (64 economies),JP:Japan,"Index, 2020 = 100",,1997-12-31,F:Free,,A:Normal value,81.51
"BIS,WS_EER,1.0",M.N.B.JP,M:Monthly,N:Nominal,B:Broad (64 economies),JP:Japan,"Index, 2020 = 100",,1998-01-31,F:Free,,A:Normal value,85.12
"BIS,WS_EER,1.0",M.N.B.JP,M:Monthly,N:Nominal,B:Broad (64 economies),JP:Japan,"Index, 2020 = 100",,1998-02-28,F:Free,,A:Normal value,86.24
"BIS,WS_EER,1.0",M.N.B.JP,M:Monthly,N:Nominal,B:Broad (64 economies),JP:Japan,"Index, 2020 = 100",,1998-03-31,F:Free,,A:Normal value,83.25
"BIS,WS_EER,1.0",M.N.B.JP,M:Monthly,N:Nominal,B:Broad (64 economies),JP:Japan,"Index, 2020 = 100",,1998-04-30,F:Free,,A:Normal value,80.56
"BIS,WS_EER,1.0",M.N.B.JP,M:Monthly,N:Nominal,B:Broad (64 economies),JP:Japan,"Index, 2020 = 100",,1998-05-31,F:Free,,A:Normal value,79.28
"BIS,WS_EER,1.0",M.N.B.JP,M:Monthly,N:Nominal,B:Broad (64 economies),JP:Japan,"Index, 2020 = 100",,1998-06-30,F:Free,,A:Normal value,77.67
"BIS,WS_EER,1.0",M.N.B.JP,M:Monthly,N:Nominal,B:Broad (64 economies),JP:Japan,"Index, 2020 = 100",,1998-07-31,F:Free,,A:Normal value,77.36
"BIS,WS_EER,1.0",M.N.B.JP,M:Monthly,N:Nominal,B:Broad (64 economies),JP:Japan,"Index, 2020 = 100",,1998-08-31,F:Free,,A:Normal value,75.47
"BIS,WS_EER,1.0",M.N.B.JP,M:Monthly,N:Nominal,B:Broad (64 economies),JP:Japan,"Index, 2020 = 100",,1998-09-30,F:Free,,A:Normal value,80.44
"BIS,WS_EER,1.0",M.N.B.JP,M:Monthly,N:Nominal,B:Broad (64 economies),JP:Japan,"Index, 2020 = 100",,1998-10-31,F:Free,,A:Normal value,87.87
"BIS,WS_EER,1.0",M.N.B.JP,M:Monthly,N:Nominal,B:Broad (64 economies),JP:Japan,"Index, 2020 = 100",,1998-11-30,F:Free,,A:Normal value,87.98
"BIS,WS_EER,1.0",M.N.B.JP,M:Monthly,N:Nominal,B:Broad (64 economies),JP:Japan,"Index, 2020 = 100",,1998-12-31,F:Free,,A:Normal value,90.0
"BIS,WS_EER,1.0",M.N.B.JP,M:Monthly,N:Nominal,B:Broad (64 economies),JP:Japan,"Index, 2020 = 100",,1999-01-31,F:Free,,A:Normal value,93.61
"BIS,WS_EER,1.0",M.N.B.JP,M:Monthly,N:Nominal,B:Broad (64 economies),JP:Japan,"Index, 2020 = 100",,1999-02-28,F:Free,,A:Normal value,91.75
"BIS,WS_EER,1.0",M.N.B.JP,M:Monthly,N:Nominal,B:Broad (64 economies),JP:Japan,"Index, 2020 = 100",,1999-03-31,F:Free,,A:Normal value,90.48
"BIS,WS_EER,1.0",M.N.B.JP,M:Monthly,N:Nominal,B:Broad (64 economies),JP:Japan,"Index, 2020 = 100",,1999-04-30,F:Free,,A:Normal value,90.36
"BIS,WS_EER,1.0",M.N.B.JP,M:Monthly,N:Nominal,B:Broad (64 economies),JP:Japan,"Index, 2020 = 100",,1999-05-31,F:Free,,A:Normal value,88.41
"BIS,WS_EER,1.0",M.N.B.JP,M:Monthly,N:Nominal,B:Broad (64 economies),JP:Japan,"Index, 2020 = 100",,1999-06-30,F:Free,,A:Normal value,89.55
"BIS,WS_EER,1.0",M.N.B.JP,M:Monthly,N:Nominal,B:Broad (64 economies),JP:Japan,"Index, 2020 = 100",,1999-07-31,F:Free,,A:Normal value,90.53
"BIS,WS_EER,1.0",M.N.B.JP,M:Monthly,N:Nominal,B:Broad (64 economies),JP:Japan,"Index, 2020 = 100",,1999-08-31,F:Free,,A:Normal value,95.36
"BIS,WS_EER,1.0",M.N.B.JP,M:Monthly,N:Nominal,B:Broad (64 economies),JP:Japan,"Index, 2020 = 100",,1999-09-30,F:Free,,A:Normal value,101.47
"BIS,WS_EER,1.0",M.N.B.JP,M:Monthly,N:Nominal,B:Broad (64 economies),JP:Japan,"Index, 2020 = 100",,1999-10-31,F:Free,,A:Normal value,101.83
"BIS,WS_EER,1.0",M.N.B.JP,M:Monthly,N:Nominal,B:Broad (64 economies),JP:Japan,"Index, 2020 = 100",,1999-11-30,F:Free,,A:Normal value,103.55
"BIS,WS_EER,1.0",M.N.B.JP,M:Monthly,N:Nominal,B:Broad (64 economies),JP:Japan,"Index, 2020 = 100",,1999-12-31,F:Free,,A:Normal value,105.92
"BIS,WS_EER,1.0",M.N.B.JP,M:Monthly,N:Nominal,B:Broad (64 economies),JP:Japan,"Index, 2020 = 100",,2000-01-31,F:Free,,A:Normal value,102.99
"BIS,WS_EER,1.0",M.N.B.JP,M:Monthly,N:Nominal,B:Broad (64 economies),JP:Japan,"Index, 2020 = 100",,2000-02-29,F:Free,,A:Normal value,99.75
"BIS,WS_EER,1.0",M.N.B.JP,M:Monthly,N:Nominal,B:Broad (64 economies),JP:Japan,"Index, 2020 = 100",,2000-03-31,F:Free,,A:Normal value,103.04
"BIS,WS_EER,1.0",M.N.B.JP,M:Monthly,N:Nominal,B:Broad (64 economies),JP:Japan,"Index, 2020 = 100",,2000-04-30,F:Free,,A:Normal value,104.32
"BIS,WS_EER,1.0",M.N.B.JP,M:Monthly,N:Nominal,B:Broad (64 economies),JP:Japan,"Index, 2020 = 100",,2000-05-31,F:Free,,A:Normal value,103.32
"BIS,WS_EER,1.0",M.N.B.JP,M:Monthly,N:Nominal,B:Broad (64 economies),JP:Japan,"Index, 2020 = 100",,2000-06-30,F:Free,,A:Normal value,104.57
"BIS,WS_EER,1.0",M.N.B.JP,M:Monthly,N:Nominal,B:Broad (64 economies),JP:Japan,"Index, 2020 = 100",,2000-07-31,F:Free,,A:Normal value,103.28
"BIS,WS_EER,1.0",M.N.B.JP,M:Monthly,N:Nominal,B:Broad (64 economies),JP:Japan,"Index, 2020 = 100",,2000-08-31,F:Free,,A:Normal value,103.82
"BIS,WS_EER,1.0",M.N.B.JP,M:Monthly,N:Nominal,B:Broad (64 economies),JP:Japan,"Index, 2020 = 100",,2000-09-30,F:Free,,A:Normal value,106.38
"BIS,WS_EER,1.0",M.N.B.JP,M:Monthly,N:Nominal,B:Broad (64 economies),JP:Japan,"Index, 2020 = 100",,2000-10-31,F:Free,,A:Normal value,105.79
"BIS,WS_EER,1.0",M.N.B.JP,M:Monthly,N:Nominal,B:Broad (64 economies),JP:Japan,"Index, 2020 = 100",,2000-11-30,F:Free,,A:Normal value,105.93
"BIS,WS_EER,1.0",M.N.B.JP,M:Monthly,N:Nominal,B:Broad (64 economies),JP:Japan,"Index, 2020 = 100",,2000-12-31,F:Free,,A:Normal value,102.18
"BIS,WS_EER,1.0",M.N.B.JP,M:Monthly,N:Nominal,B:Broad (64 economies),JP:Japan,"Index, 2020 = 100",,2001-01-31,F:Free,,A:Normal value,97.49
"BIS,WS_EER,1.0",M.N.B.JP,M:Monthly,N:Nominal,B:Broad (64 economies),JP:Japan,"Index, 2020 = 100",,2001-02-28,F:Free,,A:Normal value,98.29
"BIS,WS_EER,1.0",M.N.B.JP,M:Monthly,N:Nominal,B:Broad (64 economies),JP:Japan,"Index, 2020 = 100",,2001-03-31,F:Free,,A:Normal value,95.07
"BIS,WS_EER,1.0",M.N.B.JP,M:Monthly,N:Nominal,B:Broad (64 economies),JP:Japan,"Index, 2020 = 100",,2001-04-30,F:Free,,A:Normal value,94.27
"BIS,WS_EER,1.0",M.N.B.JP,M:Monthly,N:Nominal,B:Broad (64 economies),JP:Japan,"Index, 2020 = 100",,2001-05-31,F:Free,,A:Normal value,95.96
"BIS,WS_EER,1.0",M.N.B.JP,M:Monthly,N:Nominal,B:Broad (64 economies),JP:Japan,"Index, 2020 = 100",,2001-06-30,F:Free,,A:Normal value,96.34
"BIS,WS_EER,1.0",M.N.B.JP,M:Monthly,N:Nominal,B:Broad (64 economies),JP:Japan,"Index, 2020 = 100",,2001-07-31,F:Free,,A:Normal value,94.6
"BIS,WS_EER,1.0",M.N.B.JP,M:Monthly,N:Nominal,B:Broad (64 economies),JP:Japan,"Index, 2020 = 100",,2001-08-31,F:Free,,A:Normal value,95.51
"BIS,WS_EER,1.0",M.N.B.JP,M:Monthly,N:Nominal,B:Broad (64 economies),JP:Japan,"Index, 2020 = 100",,2001-09-30,F:Free,,A:Normal value,97.67
"BIS,WS_EER,1.0",M.N.B.JP,M:Monthly,N:Nominal,B:Broad (64 economies),JP:Japan,"Index, 2020 = 100",,2001-10-31,F:Free,,A:Normal value,96.15
"BIS,WS_EER,1.0",M.N.B.JP,M:Monthly,N:Nominal,B:Broad (64 economies),JP:Japan,"Index, 2020 = 100",,2001-11-30,F:Free,,A:Normal value,95.6
"BIS,WS_EER,1.0",M.N.B.JP,M:Monthly,N:Nominal,B:Broad (64 economies),JP:Japan,"Index, 2020 = 100",,2001-12-31,F:Free,,A:Normal value,91.95
"BIS,WS_EER,1.0",M.N.B.JP,M:Monthly,N:Nominal,B:Broad (64 economies),JP:Japan,"Index, 2020 = 100",,2002-01-31,F:Free,,A:Normal value,88.52
"BIS,WS_EER,1.0",M.N.B.JP,M:Monthly,N:Nominal,B:Broad (64 economies),JP:Japan,"Index, 2020 = 100",,2002-02-28,F:Free,,A:Normal value,88.19
"BIS,WS_EER,1.0",M.N.B.JP,M:Monthly,N:Nominal,B:Broad (64 economies),JP:Japan,"Index, 2020 = 100",,2002-03-31,F:Free,,A:Normal value,89.65
"BIS,WS_EER,1.0",M.N.B.JP,M:Monthly,N:Nominal,B:Broad (64 economies),JP:Japan,"Index, 2020 = 100",,2002-04-30,F:Free,,A:Normal value,89.42
"BIS,WS_EER,1.0",M.N.B.JP,M:Monthly,N:Nominal,B:Broad (64 economies),JP:Japan,"Index, 2020 = 100",,2002-05-31,F:Free,,A:Normal value,91.31
"BIS,WS_EER,1.0",M.N.B.JP,M:Monthly,N:Nominal,B:Broad (64 economies),JP:Japan,"Index, 2020 = 100",,2002-06-30,F:Free,,A:Normal value,92.43
"BIS,WS_EER,1.0",M.N.B.JP,M:Monthly,N:Nominal,B:Broad (64 economies),JP:Japan,"Index, 2020 = 100",,2002-07-31,F:Free,,A:Normal value,95.51
"BIS,WS_EER,1.0",M.N.B.JP,M:Monthly,N:Nominal,B:Broad (64 economies),JP:Japan,"Index, 2020 = 100",,2002-08-31,F:Free,,A:Normal value,95.51
"BIS,WS_EER,1.0",M.N.B.JP,M:Monthly,N:Nominal,B:Broad (64 economies),JP:Japan,"Index, 2020 = 100",,2002-09-30,F:Free,,A:Normal value,94.32
"BIS,WS_EER,1.0",M.N.B.JP,M:Monthly,N:Nominal,B:Broad (64 economies),JP:Japan,"Index, 2020 = 100",,2002-10-31,F:Free,,A:Normal value,92.27
"BIS,WS_EER,1.0",M.N.B.JP,M:Monthly,N:Nominal,B:Broad (64 economies),JP:Japan,"Index, 2020 = 100",,2002-11-30,F:Free,,A:Normal value,93.32
"BIS,WS_EER,1.0",M.N.B.JP,M:Monthly,N:Nominal,B:Broad (64 economies),JP:Japan,"Index, 2020 = 100",,2002-12-31,F:Free,,A:Normal value,92.52
"BIS,WS_EER,1.0",M.N.B.JP,M:Monthly,N:Nominal,B:Broad (64 economies),JP:Japan,"Index, 2020 = 100",,2003-01-31,F:Free,,A:Normal value,93.91
"BIS,WS_EER,1.0",M.N.B.JP,M:Monthly,N:Nominal,B:Broad (64 economies),JP:Japan,"Index, 2020 = 100",,2003-02-28,F:Free,,A:Normal value,93.28
"BIS,WS_EER,1.0",M.N.B.JP,M:Monthly,N:Nominal,B:Broad (64 economies),JP:Japan,"Index, 2020 = 100",,2003-03-31,F:Free,,A:Normal value,94.06
"BIS,WS_EER,1.0",M.N.B.JP,M:Monthly,N:Nominal,B:Broad (64 economies),JP:Japan,"Index, 2020 = 100",,2003-04-30,F:Free,,A:Normal value,92.74
"BIS,WS_EER,1.0",M.N.B.JP,M:Monthly,N:Nominal,B:Broad (64 economies),JP:Japan,"Index, 2020 = 100",,2003-05-31,F:Free,,A:Normal value,92.84
"BIS,WS_EER,1.0",M.N.B.JP,M:Monthly,N:Nominal,B:Broad (64 economies),JP:Japan,"Index, 2020 = 100",,2003-06-30,F:Free,,A:Normal value,91.67
"BIS,WS_EER,1.0",M.N.B.JP,M:Monthly,N:Nominal,B:Broad (64 economies),JP:Japan,"Index, 2020 = 100",,2003-07-31,F:Free,,A:Normal value,91.91
"BIS,WS_EER,1.0",M.N.B.JP,M:Monthly,N:Nominal,B:Broad (64 economies),JP:Japan,"Index, 2020 = 100",,2003-08-31,F:Free,,A:Normal value,92.39
"BIS,WS_EER,1.0",M.N.B.JP,M:Monthly,N:Nominal,B:Broad (64 economies),JP:Japan,"Index, 2020 = 100",,2003-09-30,F:Free,,A:Normal value,95.01
"BIS,WS_EER,1.0",M.N.B.JP,M:Monthly,N:Nominal,B:Broad (64 economies),JP:Japan,"Index, 2020 = 100",,2003-10-31,F:Free,,A:Normal value,98.49
"BIS,WS_EER,1.0",M.N.B.JP,M:Monthly,N:Nominal,B:Broad (64 economies),JP:Japan,"Index, 2020 = 100",,2003-11-30,F:Free,,A:Normal value,98.83
"BIS,WS_EER,1.0",M.N.B.JP,M:Monthly,N:Nominal,B:Broad (64 economies),JP:Japan,"Index, 2020 = 100",,2003-12-31,F:Free,,A:Normal value,99.0
"BIS,WS_EER,1.0",M.N.B.JP,M:Monthly,N:Nominal,B:Broad (64 economies),JP:Japan,"Index, 2020 = 100",,2004-01-31,F:Free,,A:Normal value,99.4
"BIS,WS_EER,1.0",M.N.B.JP,M:Monthly,N:Nominal,B:Broad (64 economies),JP:Japan,"Index, 2020 = 100",,2004-02-29,F:Free,,A:Normal value,98.95
"BIS,WS_EER,1.0",M.N.B.JP,M:Monthly,N:Nominal,B:Broad (64 economies),JP:Japan,"Index, 2020 = 100",,2004-03-31,F:Free,,A:Normal value,97.92
"BIS,WS_EER,1.0",M.N.B.JP,M:Monthly,N:Nominal,B:Broad (64 economies),JP:Japan,"Index, 2020 = 100",,2004-04-30,F:Free,,A:Normal value,99.06
"BIS,WS_EER,1.0",M.N.B.JP,M:Monthly,N:Nominal,B:Broad (64 economies),JP:Japan,"Index, 2020 = 100",,2004-05-31,F:Free,,A:Normal value,95.9
"BIS,WS_EER,1.0",M.N.B.JP,M:Monthly,N:Nominal,B:Broad (64 economies),JP:Japan,"Index, 2020 = 100",,2004-06-30,F:Free,,A:Normal value,97.85
"BIS,WS_EER,1.0",M.N.B.JP,M:Monthly,N:Nominal,B:Broad (64 economies),JP:Japan,"Index, 2020 = 100",,2004-07-31,F:Free,,A:Normal value,97.58
"BIS,WS_EER,1.0",M.N.B.JP,M:Monthly,N:Nominal,B:Broad (64 economies),JP:Japan,"Index, 2020 = 100",,2004-08-31,F:Free,,A:Normal value,96.86
"BIS,WS_EER,1.0",M.N.B.JP,M:Monthly,N:Nominal,B:Broad (64 economies),JP:Japan,"Index, 2020 = 100",,2004-09-30,F:Free,,A:Normal value,97.02
"BIS,WS_EER,1.0",M.N.B.JP,M:Monthly,N:Nominal,B:Broad (64 economies),JP:Japan,"Index, 2020 = 100",,2004-10-31,F:Free,,A:Normal value,97.35
"BIS,WS_EER,1.0",M.N.B.JP,M:Monthly,N:Nominal,B:Broad (64 economies),JP:Japan,"Index, 2020 = 100",,2004-11-30,F:Free,,A:Normal value,99.35
"BIS,WS_EER,1.0",M.N.B.JP,M:Monthly,N:Nominal,B:Broad (64 economies),JP:Japan,"Index, 2020 = 100",,2004-12-31,F:Free,,A:Normal value,99.07
"BIS,WS_EER,1.0",M.N.B.JP,M:Monthly,N:Nominal,B:Broad (64 economies),JP:Japan,"Index, 2020 = 100",,2005-01-31,F:Free,,A:Normal value,99.79
"BIS,WS_EER,1.0",M.N.B.JP,M:Monthly,N:Nominal,B:Broad (64 economies),JP:Japan,"Index, 2020 = 100",,2005-02-28,F:Free,,A:Normal value,98.17
"BIS,WS_EER,1.0",M.N.B.JP,M:Monthly,N:Nominal,B:Broad (64 economies),JP:Japan,"Index, 2020 = 100",,2005-03-31,F:Free,,A:Normal value,97.45
"BIS,WS_EER,1.0",M.N.B.JP,M:Monthly,N:Nominal,B:Broad (64 economies),JP:Japan,"Index, 2020 = 100",,2005-04-30,F:Free,,A:Normal value,96.2
"BIS,WS_EER,1.0",M.N.B.JP,M:Monthly,N:Nominal,B:Broad (64 economies),JP:Japan,"Index, 2020 = 100",,2005-05-31,F:Free,,A:Normal value,97.13
"BIS,WS_EER,1.0",M.N.B.JP,M:Monthly,N:Nominal,B:Broad (64 economies),JP:Japan,"Index, 2020 = 100",,2005-06-30,F:Free,,A:Normal value,96.4
"BIS,WS_EER,1.0",M.N.B.JP,M:Monthly,N:Nominal,B:Broad (64 economies),JP:Japan,"Index, 2020 = 100",,2005-07-31,F:Free,,A:Normal value,94.11
"BIS,WS_EER,1.0",M.N.B.JP,M:Monthly,N:Nominal,B:Broad (64 economies),JP:Japan,"Index, 2020 = 100",,2005-08-31,F:Free,,A:Normal value,94.2
"BIS,WS_EER,1.0",M.N.B.JP,M:Monthly,N:Nominal,B:Broad (64 economies),JP:Japan,"Index, 2020 = 100",,2005-09-30,F:Free,,A:Normal value,94.02
"BIS,WS_EER,1.0",M.N.B.JP,M:Monthly,N:Nominal,B:Broad (64 economies),JP:Japan,"Index, 2020 = 100",,2005-10-31,F:Free,,A:Normal value,91.51
"BIS,WS_EER,1.0",M.N.B.JP,M:Monthly,N:Nominal,B:Broad (64 economies),JP:Japan,"Index, 2020 = 100",,2005-11-30,F:Free,,A:Normal value,89.14
"BIS,WS_EER,1.0",M.N.B.JP,M:Monthly,N:Nominal,B:Broad (64 economies),JP:Japan,"Index, 2020 = 100",,2005-12-31,F:Free,,A:Normal value,88.57
"BIS,WS_EER,1.0",M.N.B.JP,M:Monthly,N:Nominal,B:Broad (64 economies),JP:Japan,"Index, 2020 = 100",,2006-01-31,F:Free,,A:Normal value,89.7
"BIS,WS_EER,1.0",M.N.B.JP,M:Monthly,N:Nominal,B:Broad (64 economies),JP:Japan,"Index, 2020 = 100",,2006-02-28,F:Free,,A:Normal value,87.91
"BIS,WS_EER,1.0",M.N.B.JP,M:Monthly,N:Nominal,B:Broad (64 economies),JP:Japan,"Index, 2020 = 100",,2006-03-31,F:Free,,A:Normal value,88.33
"BIS,WS_EER,1.0",M.N.B.JP,M:Monthly,N:Nominal,B:Broad (64 economies),JP:Japan,"Index, 2020 = 100",,2006-04-30,F:Free,,A:Normal value,87.72
"BIS,WS_EER,1.0",M.N.B.JP,M:Monthly,N:Nominal,B:Broad (64 economies),JP:Japan,"Index, 2020 = 100",,2006-05-31,F:Free,,A:Normal value,90.78
"BIS,WS_EER,1.0",M.N.B.JP,M:Monthly,N:Nominal,B:Broad (64 economies),JP:Japan,"Index, 2020 = 100",,2006-06-30,F:Free,,A:Normal value,89.23
"BIS,WS_EER,1.0",M.N.B.JP,M:Monthly,N:Nominal,B:Broad (64 economies),JP:Japan,"Index, 2020 = 100",,2006-07-31,F:Free,,A:Normal value,88.26
"BIS,WS_EER,1.0",M.N.B.JP,M:Monthly,N:Nominal,B:Broad (64 economies),JP:Japan,"Index, 2020 = 100",,2006-08-31,F:Free,,A:Normal value,87.68
"BIS,WS_EER,1.0",M.N.B.JP,M:Monthly,N:Nominal,B:Broad (64 economies),JP:Japan,"Index, 2020 = 100",,2006-09-30,F:Free,,A:Normal value,86.88
"BIS,WS_EER,1.0",M.N.B.JP,M:Monthly,N:Nominal,B:Broad (64 economies),JP:Japan,"Index, 2020 = 100",,2006-10-31,F:Free,,A:Normal value,85.83
"BIS,WS_EER,1.0",M.N.B.JP,M:Monthly,N:Nominal,B:Broad (64 economies),JP:Japan,"Index, 2020 = 100",,2006-11-30,F:Free,,A:Normal value,85.92
"BIS,WS_EER,1.0",M.N.B.JP,M:Monthly,N:Nominal,B:Broad (64 economies),JP:Japan,"Index, 2020 = 100",,2006-12-31,F:Free,,A:Normal value,85.08
"BIS,WS_EER,1.0",M.N.B.JP,M:Monthly,N:Nominal,B:Broad (64 economies),JP:Japan,"Index, 2020 = 100",,2007-01-31,F:Free,,A:Normal value,83.08
"BIS,WS_EER,1.0",M.N.B.JP,M:Monthly,N:Nominal,B:Broad (64 economies),JP:Japan,"Index, 2020 = 100",,2007-02-28,F:Free,,A:Normal value,82.71
"BIS,WS_EER,1.0",M.N.B.JP,M:Monthly,N:Nominal,B:Broad (64 economies),JP:Japan,"Index, 2020 = 100",,2007-03-31,F:Free,,A:Normal value,84.76
"BIS,WS_EER,1.0",M.N.B.JP,M:Monthly,N:Nominal,B:Broad (64 economies),JP:Japan,"Index, 2020 = 100",,2007-04-30,F:Free,,A:Normal value,82.79
"BIS,WS_EER,1.0",M.N.B.JP,M:Monthly,N:Nominal,B:Broad (64 economies),JP:Japan,"Index, 2020 = 100",,2007-05-31,F:Free,,A:Normal value,81.2
"BIS,WS_EER,1.0",M.N.B.JP,M:Monthly,N:Nominal,B:Broad (64 economies),JP:Japan,"Index, 2020 = 100",,2007-06-30,F:Free,,A:Normal value,79.92
"BIS,WS_EER,1.0",M.N.B.JP,M:Monthly,N:Nominal,B:Broad (64 economies),JP:Japan,"Index, 2020 = 100",,2007-07-31,F:Free,,A:Normal value,79.66
"BIS,WS_EER,1.0",M.N.B.JP,M:Monthly,N:Nominal,B:Broad (64 economies),JP:Japan,"Index, 2020 = 100",,2007-08-31,F:Free,,A:Normal value,83.63
"BIS,WS_EER,1.0",M.N.B.JP,M:Monthly,N:Nominal,B:Broad (64 economies),JP:Japan,"Index, 2020 = 100",,2007-09-30,F:Free,,A:Normal value,84.24
"BIS,WS_EER,1.0",M.N.B.JP,M:Monthly,N:Nominal,B:Broad (64 economies),JP:Japan,"Index, 2020 = 100",,2007-10-31,F:Free,,A:Normal value,82.37
"BIS,WS_EER,1.0",M.N.B.JP,M:Monthly,N:Nominal,B:Broad (64 economies),JP:Japan,"Index, 2020 = 100",,2007-11-30,F:Free,,A:Normal value,85.2
"BIS,WS_EER,1.0",M.N.B.JP,M:Monthly,N:Nominal,B:Broad (64 economies),JP:Japan,"Index, 2020 = 100",,2007-12-31,F:Free,,A:Normal value,84.34
"BIS,WS_EER,1.0",M.N.B.JP,M:Monthly,N:Nominal,B:Broad (64 economies),JP:Japan,"Index, 2020 = 100",,2008-01-31,F:Free,,A:Normal value,87.22
"BIS,WS_EER,1.0",M.N.B.JP,M:Monthly,N:Nominal,B:Broad (64 economies),JP:Japan,"Index, 2020 = 100",,2008-02-29,F:Free,,A:Normal value,87.34
"BIS,WS_EER,1.0",M.N.B.JP,M:Monthly,N:Nominal,B:Broad (64 economies),JP:Japan,"Index, 2020 = 100",,2008-03-31,F:Free,,A:Normal value,91.51
"BIS,WS_EER,1.0",M.N.B.JP,M:Monthly,N:Nominal,B:Broad (64 economies),JP:Japan,"Index, 2020 = 100",,2008-04-30,F:Free,,A:Normal value,89.47
"BIS,WS_EER,1.0",M.N.B.JP,M:Monthly,N:Nominal,B:Broad (64 economies),JP:Japan,"Index, 2020 = 100",,2008-05-31,F:Free,,A:Normal value,88.53
"BIS,WS_EER,1.0",M.N.B.JP,M:Monthly,N:Nominal,B:Broad (64 economies),JP:Japan,"Index, 2020 = 100",,2008-06-30,F:Free,,A:Normal value,86.27
"BIS,WS_EER,1.0",M.N.B.JP,M:Monthly,N:Nominal,B:Broad (64 economies),JP:Japan,"Index, 2020 = 100",,2008-07-31,F:Free,,A:Normal value,85.69
"BIS,WS_EER,1.0",M.N.B.JP,M:Monthly,N:Nominal,B:Broad (64 economies),JP:Japan,"Index, 2020 = 100",,2008-08-31,F:Free,,A:Normal value,85.36
"BIS,WS_EER,1.0",M.N.B.JP,M:Monthly,N:Nominal,B:Broad (64 economies),JP:Japan,"Index, 2020 = 100",,2008-09-30,F:Free,,A:Normal value,89.46
"BIS,WS_EER,1.0",M.N.B.JP,M:Monthly,N:Nominal,B:Broad (64 economies),JP:Japan,"Index, 2020 = 100",,2008-10-31,F:Free,,A:Normal value,99.46
"BIS,WS_EER,1.0",M.N.B.JP,M:Monthly,N:Nominal,B:Broad (64 economies),JP:Japan,"Index, 2020 = 100",,2008-11-30,F:Free,,A:Normal value,105.33
"BIS,WS_EER,1.0",M.N.B.JP,M:Monthly,N:Nominal,B:Broad (64 economies),JP:Japan,"Index, 2020 = 100",,2008-12-31,F:Free,,A:Normal value,110.94
"BIS,WS_EER,1.0",M.N.B.JP,M:Monthly,N:Nominal,B:Broad (64 economies),JP:Japan,"Index, 2020 = 100",,2009-01-31,F:Free,,A:Normal value,112.19
"BIS,WS_EER,1.0",M.N.B.JP,M:Monthly,N:Nominal,B:Broad (64 economies),JP:Japan,"Index, 2020 = 100",,2009-02-28,F:Free,,A:Normal value,111.66
"BIS,WS_EER,1.0",M.N.B.JP,M:Monthly,N:Nominal,B:Broad (64 economies),JP:Japan,"Index, 2020 = 100",,2009-03-31,F:Free,,A:Normal value,105.46
"BIS,WS_EER,1.0",M.N.B.JP,M:Monthly,N:Nominal,B:Broad (64 economies),JP:Japan,"Index, 2020 = 100",,2009-04-30,F:Free,,A:Normal value,102.63
"BIS,WS_EER,1.0",M.N.B.JP,M:Monthly,N:Nominal,B:Broad (64 economies),JP:Japan,"Index, 2020 = 100",,2009-05-31,F:Free,,A:Normal value,102.62
"BIS,WS_EER,1.0",M.N.B.JP,M:Monthly,N:Nominal,B:Broad (64 economies),JP:Japan,"Index, 2020 = 100",,2009-06-30,F:Free,,A:Normal value,101.77
"BIS,WS_EER,1.0",M.N.B.JP,M:Monthly,N:Nominal,B:Broad (64 economies),JP:Japan,"Index, 2020 = 100",,2009-07-31,F:Free,,A:Normal value,103.92
"BIS,WS_EER,1.0",M.N.B.JP,M:Monthly,N:Nominal,B:Broad (64 economies),JP:Japan,"Index, 2020 = 100",,2009-08-31,F:Free,,A:Normal value,102.8
"BIS,WS_EER,1.0",M.N.B.JP,M:Monthly,N:Nominal,B:Broad (64 economies),JP:Japan,"Index, 2020 = 100",,2009-09-30,F:Free,,A:Normal value,105.79
"BIS,WS_EER,1.0",M.N.B.JP,M:Monthly,N:Nominal,B:Broad (64 economies),JP:Japan,"Index, 2020 = 100",,2009-10-31,F:Free,,A:Normal value,105.85
"BIS,WS_EER,1.0",M.N.B.JP,M:Monthly,N:Nominal,B:Broad (64 economies),JP:Japan,"Index, 2020 = 100",,2009-11-30,F:Free,,A:Normal value,106.94
"BIS,WS_EER,1.0",M.N.B.JP,M:Monthly,N:Nominal,B:Broad (64 economies),JP:Japan,"Index, 2020 = 100",,2009-12-31,F:Free,,A:Normal value,106.66
"BIS,WS_EER,1.0",M.N.B.JP,M:Monthly,N:Nominal,B:Broad (64 economies),JP:Japan,"Index, 2020 = 100",,2010-01-31,F:Free,,A:Normal value,104.9
"BIS,WS_EER,1.0",M.N.B.JP,M:Monthly,N:Nominal,B:Broad (64 economies),JP:Japan,"Index, 2020 = 100",,2010-02-28,F:Free,,A:Normal value,107.49
"BIS,WS_EER,1.0",M.N.B.JP,M:Monthly,N:Nominal,B:Broad (64 economies),JP:Japan,"Index, 2020 = 100",,2010-03-31,F:Free,,A:Normal value,106.47
"BIS,WS_EER,1.0",M.N.B.JP,M:Monthly,N:Nominal,B:Broad (64 economies),JP:Japan,"Index, 2020 = 100",,2010-04-30,F:Free,,A:Normal value,102.83
"BIS,WS_EER,1.0",M.N.B.JP,M:Monthly,N:Nominal,B:Broad (64 economies),JP:Japan,"Index, 2020 = 100",,2010-05-31,F:Free,,A:Normal value,106.64
"BIS,WS_EER,1.0",M.N.B.JP,M:Monthly,N:Nominal,B:Broad (64 economies),JP:Japan,"Index, 2020 = 100",,2010-06-30,F:Free,,A:Normal value,109.05
"BIS,WS_EER,1.0",M.N.B.JP,M:Monthly,N:Nominal,B:Broad (64 economies),JP:Japan,"Index, 2020 = 100",,2010-07-31,F:Free,,A:Normal value,111.76
"BIS,WS_EER,1.0",M.N.B.JP,M:Monthly,N:Nominal,B:Broad (64 economies),JP:Japan,"Index, 2020 = 100",,2010-08-31,F:Free,,A:Normal value,113.78
"BIS,WS_EER,1.0",M.N.B.JP,M:Monthly,N:Nominal,B:Broad (64 economies),JP:Japan,"Index, 2020 = 100",,2010-09-30,F:Free,,A:Normal value,114.0
"BIS,WS_EER,1.0",M.N.B.JP,M:Monthly,N:Nominal,B:Broad (64 economies),JP:Japan,"Index, 2020 = 100",,2010-10-31,F:Free,,A:Normal value,114.94
"BIS,WS_EER,1.0",M.N.B.JP,M:Monthly,N:Nominal,B:Broad (64 economies),JP:Japan,"Index, 2020 = 100",,2010-11-30,F:Free,,A:Normal value,114.24
"BIS,WS_EER,1.0",M.N.B.JP,M:Monthly,N:Nominal,B:Broad (64 economies),JP:Japan,"Index, 2020 = 100",,2010-12-31,F:Free,,A:Normal value,113.85
"BIS,WS_EER,1.0",M.N.B.JP,M:Monthly,N:Nominal,B:Broad (64 economies),JP:Japan,"Index, 2020 = 100",,2011-01-31,F:Free,,A:Normal value,113.87
"BIS,WS_EER,1.0",M.N.B.JP,M:Monthly,N:Nominal,B:Broad (64 economies),JP:Japan,"Index, 2020 = 100",,2011-02-28,F:Free,,A:Normal value,113.23
"BIS,WS_EER,1.0",M.N.B.JP,M:Monthly,N:Nominal,B:Broad (64 economies),JP:Japan,"Index, 2020 = 100",,2011-03-31,F:Free,,A:Normal value,113.71
"BIS,WS_EER,1.0",M.N.B.JP,M:Monthly,N:Nominal,B:Broad (64 economies),JP:Japan,"Index, 2020 = 100",,2011-04-30,F:Free,,A:Normal value,109.9
"BIS,WS_EER,1.0",M.N.B.JP,M:Monthly,N:Nominal,B:Broad (64 economies),JP:Japan,"Index, 2020 = 100",,2011-05-31,F:Free,,A:Normal value,112.78
"BIS,WS_EER,1.0",M.N.B.JP,M:Monthly,N:Nominal,B:Broad (64 economies),JP:Japan,"Index, 2020 = 100",,2011-06-30,F:Free,,A:Normal value,113.67
"BIS,WS_EER,1.0",M.N.B.JP,M:Monthly,N:Nominal,B:Broad (64 economies),JP:Japan,"Index, 2020 = 100",,2011-07-31,F:Free,,A:Normal value,114.78
"BIS,WS_EER,1.0",M.N.B.JP,M:Monthly,N:Nominal,B:Broad (64 economies),JP:Japan,"Index, 2020 = 100",,2011-08-31,F:Free,,A:Normal value,118.27
"BIS,WS_EER,1.0",M.N.B.JP,M:Monthly,N:Nominal,B:Broad (64 economies),JP:Japan,"Index, 2020 = 100",,2011-09-30,F:Free,,A:Normal value,120.96
"BIS,WS_EER,1.0",M.N.B.JP,M:Monthly,N:Nominal,B:Broad (64 economies),JP:Japan,"Index, 2020 = 100",,2011-10-31,F:Free,,A:Normal value,122.01
"BIS,WS_EER,1.0",M.N.B.JP,M:Monthly,N:Nominal,B:Broad (64 economies),JP:Japan,"Index, 2020 = 100",,2011-11-30,F:Free,,A:Normal value,120.97
"BIS,WS_EER,1.0",M.N.B.JP,M:Monthly,N:Nominal,B:Broad (64 economies),JP:Japan,"Index, 2020 = 100",,2011-12-31,F:Free,,A:Normal value,121.26
"BIS,WS_EER,1.0",M.N.B.JP,M:Monthly,N:Nominal,B:Broad (64 economies),JP:Japan,"Index, 2020 = 100",,2012-01-31,F:Free,,A:Normal value,122.48
"BIS,WS_EER,1.0",M.N.B.JP,M:Monthly,N:Nominal,B:Broad (64 economies),JP:Japan,"Index, 2020 = 100",,2012-02-29,F:Free,,A:Normal value,118.53
"BIS,WS_EER,1.0",M.N.B.JP,M:Monthly,N:Nominal,B:Broad (64 economies),JP:Japan,"Index, 2020 = 100",,2012-03-31,F:Free,,A:Normal value,113.03
"BIS,WS_EER,1.0",M.N.B.JP,M:Monthly,N:Nominal,B:Broad (64 economies),JP:Japan,"Index, 2020 = 100",,2012-04-30,F:Free,,A:Normal value,114.86
"BIS,WS_EER,1.0",M.N.B.JP,M:Monthly,N:Nominal,B:Broad (64 economies),JP:Japan,"Index, 2020 = 100",,2012-05-31,F:Free,,A:Normal value,118.64
"BIS,WS_EER,1.0",M.N.B.JP,M:Monthly,N:Nominal,B:Broad (64 economies),JP:Japan,"Index, 2020 = 100",,2012-06-30,F:Free,,A:Normal value,120.64
"BIS,WS_EER,1.0",M.N.B.JP,M:Monthly,N:Nominal,B:Broad (64 economies),JP:Japan,"Index, 2020 = 100",,2012-07-31,F:Free,,A:Normal value,120.97
"BIS,WS_EER,1.0",M.N.B.JP,M:Monthly,N:Nominal,B:Broad (64 economies),JP:Japan,"Index, 2020 = 100",,2012-08-31,F:Free,,A:Normal value,120.83
"BIS,WS_EER,1.0",M.N.B.JP,M:Monthly,N:Nominal,B:Broad (64 economies),JP:Japan,"Index, 2020 = 100",,2012-09-30,F:Free,,A:Normal value,120.28
"BIS,WS_EER,1.0",M.N.B.JP,M:Monthly,N:Nominal,B:Broad (64 economies),JP:Japan,"Index, 2020 = 100",,2012-10-31,F:Free,,A:Normal value,118.32
"BIS,WS_EER,1.0",M.N.B.JP,M:Monthly,N:Nominal,B:Broad (64 economies),JP:Japan,"Index, 2020 = 100",,2012-11-30,F:Free,,A:Normal value,115.35
"BIS,WS_EER,1.0",M.N.B.JP,M:Monthly,N:Nominal,B:Broad (64 economies),JP:Japan,"Index, 2020 = 100",,2012-12-31,F:Free,,A:Normal value,111.1
"BIS,WS_EER,1.0",M.N.B.JP,M:Monthly,N:Nominal,B:Broad (64 economies),JP:Japan,"Index, 2020 = 100",,2013-01-31,F:Free,,A:Normal value,103.91
"BIS,WS_EER,1.0",M.N.B.JP,M:Monthly,N:Nominal,B:Broad (64 economies),JP:Japan,"Index, 2020 = 100",,2013-02-28,F:Free,,A:Normal value,99.65
"BIS,WS_EER,1.0",M.N.B.JP,M:Monthly,N:Nominal,B:Broad (64 economies),JP:Japan,"Index, 2020 = 100",,2013-03-31,F:Free,,A:Normal value,98.44
"BIS,WS_EER,1.0",M.N.B.JP,M:Monthly,N:Nominal,B:Broad (64 economies),JP:Japan,"Index, 2020 = 100",,2013-04-30,F:Free,,A:Normal value,95.09
"BIS,WS_EER,1.0",M.N.B.JP,M:Monthly,N:Nominal,B:Broad (64 economies),JP:Japan,"Index, 2020 = 100",,2013-05-31,F:Free,,A:Normal value,92.24
"BIS,WS_EER,1.0",M.N.B.JP,M:Monthly,N:Nominal,B:Broad (64 economies),JP:Japan,"Index, 2020 = 100",,2013-06-30,F:Free,,A:Normal value,96.27
"BIS,WS_EER,1.0",M.N.B.JP,M:Monthly,N:Nominal,B:Broad (64 economies),JP:Japan,"Index, 2020 = 100",,2013-07-31,F:Free,,A:Normal value,94.38
"BIS,WS_EER,1.0",M.N.B.JP,M:Monthly,N:Nominal,B:Broad (64 economies),JP:Japan,"Index, 2020 = 100",,2013-08-31,F:Free,,A:Normal value,96.08
"BIS,WS_EER,1.0",M.N.B.JP,M:Monthly,N:Nominal,B:Broad (64 economies),JP:Japan,"Index, 2020 = 100",,2013-09-30,F:Free,,A:Normal value,94.58
"BIS,WS_EER,1.0",M.N.B.JP,M:Monthly,N:Nominal,B:Broad (64 economies),JP:Japan,"Index, 2020 = 100",,2013-10-31,F:Free,,A:Normal value,95.01
"BIS,WS_EER,1.0",M.N.B.JP,M:Monthly,N:Nominal,B:Broad (64 economies),JP:Japan,"Index, 2020 = 100",,2013-11-30,F:Free,,A:Normal value,93.35
"BIS,WS_EER,1.0",M.N.B.JP,M:Monthly,N:Nominal,B:Broad (64 economies),JP:Japan,"Index, 2020 = 100",,2013-12-31,F:Free,,A:Normal value,90.2
"BIS,WS_EER,1.0",M.N.B.JP,M:Monthly,N:Nominal,B:Broad (64 economies),JP:Japan,"Index, 2020 = 100",,2014-01-31,F:Free,,A:Normal value,90.17
"BIS,WS_EER,1.0",M.N.B.JP,M:Monthly,N:Nominal,B:Broad (64 economies),JP:Japan,"Index, 2020 = 100",,2014-02-28,F:Free,,A:Normal value,92.04
"BIS,WS_EER,1.0",M.N.B.JP,M:Monthly,N:Nominal,B:Broad (64 economies),JP:Japan,"Index, 2020 = 100",,2014-03-31,F:Free,,A:Normal value,91.82
"BIS,WS_EER,1.0",M.N.B.JP,M:Monthly,N:Nominal,B:Broad (64 economies),JP:Japan,"Index, 2020 = 100",,2014-04-30,F:Free,,A:Normal value,91.57
"BIS,WS_EER,1.0",M.N.B.JP,M:Monthly,N:Nominal,B:Broad (64 economies),JP:Japan,"Index, 2020 = 100",,2014-05-31,F:Free,,A:Normal value,92.15
"BIS,WS_EER,1.0",M.N.B.JP,M:Monthly,N:Nominal,B:Broad (64 economies),JP:Japan,"Index, 2020 = 100",,2014-06-30,F:Free,,A:Normal value,92.04
"BIS,WS_EER,1.0",M.N.B.JP,M:Monthly,N:Nominal,B:Broad (64 economies),JP:Japan,"Index, 2020 = 100",,2014-07-31,F:Free,,A:Normal value,92.11
"BIS,WS_EER,1.0",M.N.B.JP,M:Monthly,N:Nominal,B:Broad (64 economies),JP:Japan,"Index, 2020 = 100",,2014-08-31,F:Free,,A:Normal value,91.26
"BIS,WS_EER,1.0",M.N.B.JP,M:Monthly,N:Nominal,B:Broad (64 economies),JP:Japan,"Index, 2020 = 100",,2014-09-30,F:Free,,A:Normal value,88.35
"BIS,WS_EER,1.0",M.N.B.JP,M:Monthly,N:Nominal,B:Broad (64 economies),JP:Japan,"Index, 2020 = 100",,2014-10-31,F:Free,,A:Normal value,88.49
"BIS,WS_EER,1.0",M.N.B.JP,M:Monthly,N:Nominal,B:Broad (64 economies),JP:Japan,"Index, 2020 = 100",,2014-11-30,F:Free,,A:Normal value,82.92
"BIS,WS_EER,1.0",M.N.B.JP,M:Monthly,N:Nominal,B:Broad (64 economies),JP:Japan,"Index, 2020 = 100",,2014-12-31,F:Free,,A:Normal value,81.88
"BIS,WS_EER,1.0",M.N.B.JP,M:Monthly,N:Nominal,B:Broad (64 economies),JP:Japan,"Index, 2020 = 100",,2015-01-31,F:Free,,A:Normal value,83.65
"BIS,WS_EER,1.0",M.N.B.JP,M:Monthly,N:Nominal,B:Broad (64 economies),JP:Japan,"Index, 2020 = 100",,2015-02-28,F:Free,,A:Normal value,84.06
"BIS,WS_EER,1.0",M.N.B.JP,M:Monthly,N:Nominal,B:Broad (64 economies),JP:Japan,"Index, 2020 = 100",,2015-03-31,F:Free,,A:Normal value,83.76
"BIS,WS_EER,1.0",M.N.B.JP,M:Monthly,N:Nominal,B:Broad (64 economies),JP:Japan,"Index, 2020 = 100",,2015-04-30,F:Free,,A:Normal value,83.74
"BIS,WS_EER,1.0",M.N.B.JP,M:Monthly,N:Nominal,B:Broad (64 economies),JP:Japan,"Index, 2020 = 100",,2015-05-31,F:Free,,A:Normal value,82.43
"BIS,WS_EER,1.0",M.N.B.JP,M:Monthly,N:Nominal,B:Broad (64 economies),JP:Japan,"Index, 2020 = 100",,2015-06-30,F:Free,,A:Normal value,80.86
"BIS,WS_EER,1.0",M.N.B.JP,M:Monthly,N:Nominal,B:Broad (64 economies),JP:Japan,"Index, 2020 = 100",,2015-07-31,F:Free,,A:Normal value,81.85
"BIS,WS_EER,1.0",M.N.B.JP,M:Monthly,N:Nominal,B:Broad (64 economies),JP:Japan,"Index, 2020 = 100",,2015-08-31,F:Free,,A:Normal value,83.37
"BIS,WS_EER,1.0",M.N.B.JP,M:Monthly,N:Nominal,B:Broad (64 economies),JP:Japan,"Index, 2020 = 100",,2015-09-30,F:Free,,A:Normal value,86.05
"BIS,WS_EER,1.0",M.N.B.JP,M:Monthly,N:Nominal,B:Broad (64 economies),JP:Japan,"Index, 2020 = 100",,2015-10-31,F:Free,,A:Normal value,85.53
"BIS,WS_EER,1.0",M.N.B.JP,M:Monthly,N:Nominal,B:Broad (64 economies),JP:Japan,"Index, 2020 = 100",,2015-11-30,F:Free,,A:Normal value,84.69
"BIS,WS_EER,1.0",M.N.B.JP,M:Monthly,N:Nominal,B:Broad (64 economies),JP:Japan,"Index, 2020 = 100",,2015-12-31,F:Free,,A:Normal value,85.86
"BIS,WS_EER,1.0",M.N.B.JP,M:Monthly,N:Nominal,B:Broad (64 economies),JP:Japan,"Index, 2020 = 100",,2016-01-31,F:Free,,A:Normal value,89.58
"BIS,WS_EER,1.0",M.N.B.JP,M:Monthly,N:Nominal,B:Broad (64 economies),JP:Japan,"Index, 2020 = 100",,2016-02-29,F:Free,,A:Normal value,91.69
"BIS,WS_EER,1.0",M.N.B.JP,M:Monthly,N:Nominal,B:Broad (64 economies),JP:Japan,"Index, 2020 = 100",,2016-03-31,F:Free,,A:Normal value,92.13
"BIS,WS_EER,1.0",M.N.B.JP,M:Monthly,N:Nominal,B:Broad (64 economies),JP:Japan,"Index, 2020 = 100",,2016-04-30,F:Free,,A:Normal value,93.92
"BIS,WS_EER,1.0",M.N.B.JP,M:Monthly,N:Nominal,B:Broad (64 economies),JP:Japan,"Index, 2020 = 100",,2016-05-31,F:Free,,A:Normal value,95.29
"BIS,WS_EER,1.0",M.N.B.JP,M:Monthly,N:Nominal,B:Broad (64 economies),JP:Japan,"Index, 2020 = 100",,2016-06-30,F:Free,,A:Normal value,98.74
"BIS,WS_EER,1.0",M.N.B.JP,M:Monthly,N:Nominal,B:Broad (64 economies),JP:Japan,"Index, 2020 = 100",,2016-07-31,F:Free,,A:Normal value,100.49
"BIS,WS_EER,1.0",M.N.B.JP,M:Monthly,N:Nominal,B:Broad (64 economies),JP:Japan,"Index, 2020 = 100",,2016-08-31,F:Free,,A:Normal value,102.63
"BIS,WS_EER,1.0",M.N.B.JP,M:Monthly,N:Nominal,B:Broad (64 economies),JP:Japan,"Index, 2020 = 100",,2016-09-30,F:Free,,A:Normal value,102.27
"BIS,WS_EER,1.0",M.N.B.JP,M:Monthly,N:Nominal,B:Broad (64 economies),JP:Japan,"Index, 2020 = 100",,2016-10-31,F:Free,,A:Normal value,101.22
"BIS,WS_EER,1.0",M.N.B.JP,M:Monthly,N:Nominal,B:Broad (64 economies),JP:Japan,"Index, 2020 = 100",,2016-11-30,F:Free,,A:Normal value,98.52
"BIS,WS_EER,1.0",M.N.B.JP,M:Monthly,N:Nominal,B:Broad (64 economies),JP:Japan,"Index, 2020 = 100",,2016-12-31,F:Free,,A:Normal value,92.95
"BIS,WS_EER,1.0",M.N.B.JP,M:Monthly,N:Nominal,B:Broad (64 economies),JP:Japan,"Index, 2020 = 100",,2017-01-31,F:Free,,A:Normal value,93.46
"BIS,WS_EER,1.0",M.N.B.JP,M:Monthly,N:Nominal,B:Broad (64 economies),JP:Japan,"Index, 2020 = 100",,2017-02-28,F:Free,,A:Normal value,94.47
"BIS,WS_EER,1.0",M.N.B.JP,M:Monthly,N:Nominal,B:Broad (64 economies),JP:Japan,"Index, 2020 = 100",,2017-03-31,F:Free,,A:Normal value,94.33
"BIS,WS_EER,1.0",M.N.B.JP,M:Monthly,N:Nominal,B:Broad (64 economies),JP:Japan,"Index, 2020 = 100",,2017-04-30,F:Free,,A:Normal value,96.43
"BIS,WS_EER,1.0",M.N.B.JP,M:Monthly,N:Nominal,B:Broad (64 economies),JP:Japan,"Index, 2020 = 100",,2017-05-31,F:Free,,A:Normal value,94.05
"BIS,WS_EER,1.0",M.N.B.JP,M:Monthly,N:Nominal,B:Broad (64 economies),JP:Japan,"Index, 2020 = 100",,2017-06-30,F:Free,,A:Normal value,94.4
"BIS,WS_EER,1.0",M.N.B.JP,M:Monthly,N:Nominal,B:Broad (64 economies),JP:Japan,"Index, 2020 = 100",,2017-07-31,F:Free,,A:Normal value,92.48
"BIS,WS_EER,1.0",M.N.B.JP,M:Monthly,N:Nominal,B:Broad (64 economies),JP:Japan,"Index, 2020 = 100",,2017-08-31,F:Free,,A:Normal value,93.73
"BIS,WS_EER,1.0",M.N.B.JP,M:Monthly,N:Nominal,B:Broad (64 economies),JP:Japan,"Index, 2020 = 100",,2017-09-30,F:Free,,A:Normal value,92.2
"BIS,WS_EER,1.0",M.N.B.JP,M:Monthly,N:Nominal,B:Broad (64 economies),JP:Japan,"Index, 2020 = 100",,2017-10-31,F:Free,,A:Normal value,91.18
"BIS,WS_EER,1.0",M.N.B.JP,M:Monthly,N:Nominal,B:Broad (64 economies),JP:Japan,"Index, 2020 = 100",,2017-11-30,F:Free,,A:Normal value,91.17
"BIS,WS_EER,1.0",M.N.B.JP,M:Monthly,N:Nominal,B:Broad (64 economies),JP:Japan,"Index, 2020 = 100",,2017-12-31,F:Free,,A:Normal value,90.54
"BIS,WS_EER,1.0",M.N.B.JP,M:Monthly,N:Nominal,B:Broad (64 economies),JP:Japan,"Index, 2020 = 100",,2018-01-31,F:Free,,A:Normal value,90.36
"BIS,WS_EER,1.0",M.N.B.JP,M:Monthly,N:Nominal,B:Broad (64 economies),JP:Japan,"Index, 2020 = 100",,2018-02-28,F:Free,,A:Normal value,92.2
"BIS,WS_EER,1.0",M.N.B.JP,M:Monthly,N:Nominal,B:Broad (64 economies),JP:Japan,"Index, 2020 = 100",,2018-03-31,F:Free,,A:Normal value,93.89
"BIS,WS_EER,1.0",M.N.B.JP,M:Monthly,N:Nominal,B:Broad (64 economies),JP:Japan,"Index, 2020 = 100",,2018-04-30,F:Free,,A:Normal value,92.68
"BIS,WS_EER,1.0",M.N.B.JP,M:Monthly,N:Nominal,B:Broad (64 economies),JP:Japan,"Index, 2020 = 100",,2018-05-31,F:Free,,A:Normal value,92.51
"BIS,WS_EER,1.0",M.N.B.JP,M:Monthly,N:Nominal,B:Broad (64 economies),JP:Japan,"Index, 2020 = 100",,2018-06-30,F:Free,,A:Normal value,93.23
"BIS,WS_EER,1.0",M.N.B.JP,M:Monthly,N:Nominal,B:Broad (64 economies),JP:Japan,"Index, 2020 = 100",,2018-07-31,F:Free,,A:Normal value,93.6
"BIS,WS_EER,1.0",M.N.B.JP,M:Monthly,N:Nominal,B:Broad (64 economies),JP:Japan,"Index, 2020 = 100",,2018-08-31,F:Free,,A:Normal value,94.99
"BIS,WS_EER,1.0",M.N.B.JP,M:Monthly,N:Nominal,B:Broad (64 economies),JP:Japan,"Index, 2020 = 100",,2018-09-30,F:Free,,A:Normal value,94.26
"BIS,WS_EER,1.0",M.N.B.JP,M:Monthly,N:Nominal,B:Broad (64 economies),JP:Japan,"Index, 2020 = 100",,2018-10-31,F:Free,,A:Normal value,94.15
"BIS,WS_EER,1.0",M.N.B.JP,M:Monthly,N:Nominal,B:Broad (64 economies),JP:Japan,"Index, 2020 = 100",,2018-11-30,F:Free,,A:Normal value,93.93
"BIS,WS_EER,1.0",M.N.B.JP,M:Monthly,N:Nominal,B:Broad (64 economies),JP:Japan,"Index, 2020 = 100",,2018-12-31,F:Free,,A:Normal value,94.61
"BIS,WS_EER,1.0",M.N.B.JP,M:Monthly,N:Nominal,B:Broad (64 economies),JP:Japan,"Index, 2020 = 100",,2019-01-31,F:Free,,A:Normal value,96.56
"BIS,WS_EER,1.0",M.N.B.JP,M:Monthly,N:Nominal,B:Broad (64 economies),JP:Japan,"Index, 2020 = 100",,2019-02-28,F:Free,,A:Normal value,95.02
"BIS,WS_EER,1.0",M.N.B.JP,M:Monthly,N:Nominal,B:Broad (64 economies),JP:Japan,"Index, 2020 = 100",,2019-03-31,F:Free,,A:Normal value,94.41
"BIS,WS_EER,1.0",M.N.B.JP,M:Monthly,N:Nominal,B:Broad (64 economies),JP:Japan,"Index, 2020 = 100",,2019-04-30,F:Free,,A:Normal value,94.21
"BIS,WS_EER,1.0",M.N.B.JP,M:Monthly,N:Nominal,B:Broad (64 economies),JP:Japan,"Index, 2020 = 100",,2019-05-31,F:Free,,A:Normal value,96.86
"BIS,WS_EER,1.0",M.N.B.JP,M:Monthly,N:Nominal,B:Broad (64 economies),JP:Japan,"Index, 2020 = 100",,2019-06-30,F:Free,,A:Normal value,98.35
"BIS,WS_EER,1.0",M.N.B.JP,M:Monthly,N:Nominal,B:Broad (64 economies),JP:Japan,"Index, 2020 = 100",,2019-07-31,F:Free,,A:Normal value,98.0
"BIS,WS_EER,1.0",M.N.B.JP,M:Monthly,N:Nominal,B:Broad (64 economies),JP:Japan,"Index, 2020 = 100",,2019-08-31,F:Free,,A:Normal value,101.57
"BIS,WS_EER,1.0",M.N.B.JP,M:Monthly,N:Nominal,B:Broad (64 economies),JP:Japan,"Index, 2020 = 100",,2019-09-30,F:Free,,A:Normal value,100.63
"BIS,WS_EER,1.0",M.N.B.JP,M:Monthly,N:Nominal,B:Broad (64 economies),JP:Japan,"Index, 2020 = 100",,2019-10-31,F:Free,,A:Normal value,99.6
"BIS,WS_EER,1.0",M.N.B.JP,M:Monthly,N:Nominal,B:Broad (64 economies),JP:Japan,"Index, 2020 = 100",,2019-11-30,F:Free,,A:Normal value,98.33
"BIS,WS_EER,1.0",M.N.B.JP,M:Monthly,N:Nominal,B:Broad (64 economies),JP:Japan,"Index, 2020 = 100",,2019-12-31,F:Free,,A:Normal value,97.86
"BIS,WS_EER,1.0",M.N.B.JP,M:Monthly,N:Nominal,B:Broad (64 economies),JP:Japan,"Index, 2020 = 100",,2020-01-31,F:Free,,A:Normal value,97.11
"BIS,WS_EER,1.0",M.N.B.JP,M:Monthly,N:Nominal,B:Broad (64 economies),JP:Japan,"Index, 2020 = 100",,2020-02-29,F:Free,,A:Normal value,97.61
"BIS,WS_EER,1.0",M.N.B.JP,M:Monthly,N:Nominal,B:Broad (64 economies),JP:Japan,"Index, 2020 = 100",,2020-03-31,F:Free,,A:Normal value,101.35
"BIS,WS_EER,1.0",M.N.B.JP,M:Monthly,N:Nominal,B:Broad (64 economies),JP:Japan,"Index, 2020 = 100",,2020-04-30,F:Free,,A:Normal value,102.21
"BIS,WS_EER,1.0",M.N.B.JP,M:Monthly,N:Nominal,B:Broad (64 economies),JP:Japan,"Index, 2020 = 100",,2020-05-31,F:Free,,A:Normal value,102.48
"BIS,WS_EER,1.0",M.N.B.JP,M:Monthly,N:Nominal,B:Broad (64 economies),JP:Japan,"Index, 2020 = 100",,2020-06-30,F:Free,,A:Normal value,100.58
"BIS,WS_EER,1.0",M.N.B.JP,M:Monthly,N:Nominal,B:Broad (64 economies),JP:Japan,"Index, 2020 = 100",,2020-07-31,F:Free,,A:Normal value,100.65
"BIS,WS_EER,1.0",M.N.B.JP,M:Monthly,N:Nominal,B:Broad (64 economies),JP:Japan,"Index, 2020 = 100",,2020-08-31,F:Free,,A:Normal value,100.22
"BIS,WS_EER,1.0",M.N.B.JP,M:Monthly,N:Nominal,B:Broad (64 economies),JP:Japan,"Index, 2020 = 100",,2020-09-30,F:Free,,A:Normal value,100.1
"BIS,WS_EER,1.0",M.N.B.JP,M:Monthly,N:Nominal,B:Broad (64 economies),JP:Japan,"Index, 2020 = 100",,2020-10-31,F:Free,,A:Normal value,99.83
"BIS,WS_EER,1.0",M.N.B.JP,M:Monthly,N:Nominal,B:Broad (64 economies),JP:Japan,"Index, 2020 = 100",,2020-11-30,F:Free,,A:Normal value,99.27
"BIS,WS_EER,1.0",M.N.B.JP,M:Monthly,N:Nominal,B:Broad (64 economies),JP:Japan,"Index, 2020 = 100",,2020-12-31,F:Free,,A:Normal value,98.6
"BIS,WS_EER,1.0",M.N.B.JP,M:Monthly,N:Nominal,B:Broad (64 economies),JP:Japan,"Index, 2020 = 100",,2021-01-31,F:Free,,A:Normal value,98.12
"BIS,WS_EER,1.0",M.N.B.JP,M:Monthly,N:Nominal,B:Broad (64 economies),JP:Japan,"Index, 2020 = 100",,2021-02-28,F:Free,,A:Normal value,96.69
"BIS,WS_EER,1.0",M.N.B.JP,M:Monthly,N:Nominal,B:Broad (64 economies),JP:Japan,"Index, 2020 = 100",,2021-03-31,F:Free,,A:Normal value,94.71
"BIS,WS_EER,1.0",M.N.B.JP,M:Monthly,N:Nominal,B:Broad (64 economies),JP:Japan,"Index, 2020 = 100",,2021-04-30,F:Free,,A:Normal value,94.35
"BIS,WS_EER,1.0",M.N.B.JP,M:Monthly,N:Nominal,B:Broad (64 economies),JP:Japan,"Index, 2020 = 100",,2021-05-31,F:Free,,A:Normal value,93.37
"BIS,WS_EER,1.0",M.N.B.JP,M:Monthly,N:Nominal,B:Broad (64 economies),JP:Japan,"Index, 2020 = 100",,2021-06-30,F:Free,,A:Normal value,92.68
"BIS,WS_EER,1.0",M.N.B.JP,M:Monthly,N:Nominal,B:Broad (64 economies),JP:Japan,"Index, 2020 = 100",,2021-07-31,F:Free,,A:Normal value,93.67
"BIS,WS_EER,1.0",M.N.B.JP,M:Monthly,N:Nominal,B:Broad (64 economies),JP:Japan,"Index, 2020 = 100",,2021-08-31,F:Free,,A:Normal value,94.23
"BIS,WS_EER,1.0",M.N.B.JP,M:Monthly,N:Nominal,B:Broad (64 economies),JP:Japan,"Index, 2020 = 100",,2021-09-30,F:Free,,A:Normal value,93.84
"BIS,WS_EER,1.0",M.N.B.JP,M:Monthly,N:Nominal,B:Broad (64 economies),JP:Japan,"Index, 2020 = 100",,2021-10-31,F:Free,,A:Normal value,91.64
"BIS,WS_EER,1.0",M.N.B.JP,M:Monthly,N:Nominal,B:Broad (64 economies),JP:Japan,"Index, 2020 = 100",,2021-11-30,F:Free,,A:Normal value,91.15
"BIS,WS_EER,1.0",M.N.B.JP,M:Monthly,N:Nominal,B:Broad (64 economies),JP:Japan,"Index, 2020 = 100",,2021-12-31,F:Free,,A:Normal value,91.54
"BIS,WS_EER,1.0",M.N.B.JP,M:Monthly,N:Nominal,B:Broad (64 economies),JP:Japan,"Index, 2020 = 100",,2022-01-31,F:Free,,A:Normal value,90.6
"BIS,WS_EER,1.0",M.N.B.JP,M:Monthly,N:Nominal,B:Broad (64 economies),JP:Japan,"Index, 2020 = 100",,2022-02-28,F:Free,,A:Normal value,90.26
"BIS,WS_EER,1.0",M.N.B.JP,M:Monthly,N:Nominal,B:Broad (64 economies),JP:Japan,"Index, 2020 = 100",,2022-03-31,F:Free,,A:Normal value,88.65
"BIS,WS_EER,1.0",M.N.B.JP,M:Monthly,N:Nominal,B:Broad (64 economies),JP:Japan,"Index, 2020 = 100",,2022-04-30,F:Free,,A:Normal value,83.83
"BIS,WS_EER,1.0",M.N.B.JP,M:Monthly,N:Nominal,B:Broad (64 economies),JP:Japan,"Index, 2020 = 100",,2022-05-31,F:Free,,A:Normal value,84.09
"BIS,WS_EER,1.0",M.N.B.JP,M:Monthly,N:Nominal,B:Broad (64 economies),JP:Japan,"Index, 2020 = 100",,2022-06-30,F:Free,,A:Normal value,80.98
"BIS,WS_EER,1.0",M.N.B.JP,M:Monthly,N:Nominal,B:Broad (64 economies),JP:Japan,"Index, 2020 = 100",,2022-07-31,F:Free,,A:Normal value,80.62
"BIS,WS_EER,1.0",M.N.B.JP,M:Monthly,N:Nominal,B:Broad (64 economies),JP:Japan,"Index, 2020 = 100",,2022-08-31,F:Free,,A:Normal value,81.81
"BIS,WS_EER,1.0",M.N.B.JP,M:Monthly,N:Nominal,B:Broad (64 economies),JP:Japan,"Index, 2020 = 100",,2022-09-30,F:Free,,A:Normal value,79.27
"BIS,WS_EER,1.0",M.N.B.JP,M:Monthly,N:Nominal,B:Broad (64 economies),JP:Japan,"Index, 2020 = 100",,2022-10-31,F:Free,,A:Normal value,78.25
"BIS,WS_EER,1.0",M.N.B.JP,M:Monthly,N:Nominal,B:Broad (64 economies),JP:Japan,"Index, 2020 = 100",,2022-11-30,F:Free,,A:Normal value,79.67
"BIS,WS_EER,1.0",M.N.B.JP,M:Monthly,N:Nominal,B:Broad (64 economies),JP:Japan,"Index, 2020 = 100",,2022-12-31,F:Free,,A:Normal value,82.18
"BIS,WS_EER,1.0",M.N.B.JP,M:Monthly,N:Nominal,B:Broad (64 economies),JP:Japan,"Index, 2020 = 100",,2023-01-31,F:Free,,A:Normal value,83.39
"BIS,WS_EER,1.0",M.N.B.JP,M:Monthly,N:Nominal,B:Broad (64 economies),JP:Japan,"Index, 2020 = 100",,2023-02-28,F:Free,,A:Normal value,82.37
"BIS,WS_EER,1.0",M.N.B.JP,M:Monthly,N:Nominal,B:Broad (64 economies),JP:Japan,"Index, 2020 = 100",,2023-03-31,F:Free,,A:Normal value,82.51
"BIS,WS_EER,1.0",M.N.B.JP,M:Monthly,N:Nominal,B:Broad (64 economies),JP:Japan,"Index, 2020 = 100",,2023-04-30,F:Free,,A:Normal value,82.13
"BIS,WS_EER,1.0",M.N.B.JP,M:Monthly,N:Nominal,B:Broad (64 economies),JP:Japan,"Index, 2020 = 100",,2023-05-31,F:Free,,A:Normal value,80.54
"BIS,WS_EER,1.0",M.N.B.JP,M:Monthly,N:Nominal,B:Broad (64 economies),JP:Japan,"Index, 2020 = 100",,2023-06-30,F:Free,,A:Normal value,78.83
"BIS,WS_EER,1.0",M.N.B.JP,M:Monthly,N:Nominal,B:Broad (64 economies),JP:Japan,"Index, 2020 = 100",,2023-07-31,F:Free,,A:Normal value,78.71
"BIS,WS_EER,1.0",M.N.B.JP,M:Monthly,N:Nominal,B:Broad (64 economies),JP:Japan,"Index, 2020 = 100",,2023-08-31,F:Free,,A:Normal value,77.57
"BIS,WS_EER,1.0",M.N.B.JP,M:Monthly,N:Nominal,B:Broad (64 economies),JP:Japan,"Index, 2020 = 100",,2023-09-30,F:Free,,A:Normal value,76.8
"BIS,WS_EER,1.0",M.N.B.JP,M:Monthly,N:Nominal,B:Broad (64 economies),JP:Japan,"Index, 2020 = 100",,2023-10-31,F:Free,,A:Normal value,76.35
"BIS,WS_EER,1.0",M.N.B.JP,M:Monthly,N:Nominal,B:Broad (64 economies),JP:Japan,"Index, 2020 = 100",,2023-11-30,F:Free,,A:Normal value,75.16
"BIS,WS_EER,1.0",M.N.B.JP,M:Monthly,N:Nominal,B:Broad (64 economies),JP:Japan,"Index, 2020 = 100",,2023-12-31,F:Free,,A:Normal value,77.46
"BIS,WS_EER,1.0",M.N.B.JP,M:Monthly,N:Nominal,B:Broad (64 economies),JP:Japan,"Index, 2020 = 100",,2024-01-31,F:Free,,A:Normal value,76.55
"BIS,WS_EER,1.0",M.N.B.JP,M:Monthly,N:Nominal,B:Broad (64 economies),JP:Japan,"Index, 2020 = 100",,2024-02-29,F:Free,,A:Normal value,75.3
"BIS,WS_EER,1.0",M.N.B.JP,M:Monthly,N:Nominal,B:Broad (64 economies),JP:Japan,"Index, 2020 = 100",,2024-03-31,F:Free,,A:Normal value,75.12
"BIS,WS_EER,1.0",M.N.B.JP,M:Monthly,N:Nominal,B:Broad (64 economies),JP:Japan,"Index, 2020 = 100",,2024-04-30,F:Free,,A:Normal value,73.91
"BIS,WS_EER,1.0",M.N.B.JP,M:Monthly,N:Nominal,B:Broad (64 economies),JP:Japan,"Index, 2020 = 100",,2024-05-31,F:Free,,A:Normal value,72.66
"BIS,WS_EER,1.0",M.N.B.JP,M:Monthly,N:Nominal,B:Broad (64 economies),JP:Japan,"Index, 2020 = 100",,2024-06-30,F:Free,,A:Normal value,72.08
"BIS,WS_EER,1.0",M.N.B.JP,M:Monthly,N:Nominal,B:Broad (64 economies),JP:Japan,"Index, 2020 = 100",,2024-07-31,F:Free,,A:Normal value,71.98
"BIS,WS_EER,1.0",M.N.B.JP,M:Monthly,N:Nominal,B:Broad (64 economies),JP:Japan,"Index, 2020 = 100",,2024-08-31,F:Free,,A:Normal value,76.67
"BIS,WS_EER,1.0",M.N.B.JP,M:Monthly,N:Nominal,B:Broad (64 economies),JP:Japan,"Index, 2020 = 100",,2024-09-30,F:Free,,A:Normal value,77.52
"BIS,WS_EER,1.0",M.N.B.JP,M:Monthly,N:Nominal,B:Broad (64 economies),JP:Japan,"Index, 2020 = 100",,2024-10-31,F:Free,,A:Normal value,74.76
